City_ID,City,Country,Lat,Lng,Max Temp,Humidity,Cloudiness,Wind Speed,Current Description,Date
0,Cansancao,BR,-10.6672,-39.4992,65.86,92,78,7.49,broken clouds,2022-07-21 00:17:41
1,Shimoda,JP,34.6667,138.95,79.16,77,83,7.83,broken clouds,2022-07-21 00:16:54
2,Barrow,US,71.2906,-156.7887,55.42,58,0,14.97,clear sky,2022-07-21 00:17:41
3,Jamestown,US,42.097,-79.2353,83.79,62,0,11.5,clear sky,2022-07-21 00:15:58
4,Port Elizabeth,ZA,-33.918,25.5701,55.31,92,75,6.91,broken clouds,2022-07-21 00:17:42
5,Puerto Ayora,EC,-0.7393,-90.3518,68.56,98,81,8.99,broken clouds,2022-07-21 00:17:42
6,Provideniya,RU,64.3833,-173.3,48.36,66,75,18.01,broken clouds,2022-07-21 00:17:43
7,Faanui,PF,-16.4833,-151.75,78.04,67,2,10.69,clear sky,2022-07-21 00:17:43
8,Saint-Pierre,RE,-21.3393,55.4781,67.68,68,75,25.32,broken clouds,2022-07-21 00:17:44
9,Urazovka,RU,55.4013,45.6186,55.98,96,100,9.15,light rain,2022-07-21 00:17:44
10,Mahon,ES,39.8885,4.2658,75.76,94,0,5.75,clear sky,2022-07-21 00:17:45
11,Bada,RU,51.392,109.8717,60.91,72,53,3.83,broken clouds,2022-07-21 00:17:45
12,Ponnani,IN,10.767,75.9252,74.52,86,86,12.46,overcast clouds,2022-07-21 00:17:45
13,Mataura,NZ,-46.1927,168.8643,42.48,81,100,3.22,overcast clouds,2022-07-21 00:17:46
14,Busselton,AU,-33.65,115.3333,56.5,85,100,10.11,overcast clouds,2022-07-21 00:17:46
15,Mount Isa,AU,-20.7333,139.5,58.77,31,0,9.22,clear sky,2022-07-21 00:13:51
16,Ponta Do Sol,PT,32.6667,-17.1,71.71,80,6,5.35,clear sky,2022-07-21 00:17:47
17,Adigeni,GE,41.6819,42.6987,59.11,95,100,1.97,overcast clouds,2022-07-21 00:17:47
18,Castro,BR,-24.7911,-50.0119,56.98,92,0,4.29,clear sky,2022-07-21 00:17:28
19,Chuy,UY,-33.6971,-53.4616,57.02,94,17,7.31,few clouds,2022-07-21 00:15:20
20,Kodiak,US,57.79,-152.4072,58.51,67,0,4.61,clear sky,2022-07-21 00:17:48
21,Hithadhoo,MV,-0.6,73.0833,80.42,76,100,7.05,overcast clouds,2022-07-21 00:16:49
22,Ushuaia,AR,-54.8,-68.3,29.86,100,100,18.41,heavy snow,2022-07-21 00:15:20
23,Saskylakh,RU,71.9167,114.0833,48.09,62,51,16.11,broken clouds,2022-07-21 00:17:49
24,Klaksvik,FO,62.2266,-6.589,49.12,93,99,18.66,overcast clouds,2022-07-21 00:17:49
25,Mantua,IT,45.1667,10.7833,81.64,69,0,5.01,clear sky,2022-07-21 00:17:50
26,Marsabit,KE,2.3284,37.9899,59.02,76,80,18.63,broken clouds,2022-07-21 00:17:50
27,Dikson,RU,73.5069,80.5464,39.76,85,60,28.19,broken clouds,2022-07-21 00:17:50
28,Mzimba,MW,-11.9,33.6,59.38,66,24,12.41,few clouds,2022-07-21 00:17:51
29,Carnarvon,AU,-24.8667,113.6333,72.21,77,47,14.25,scattered clouds,2022-07-21 00:17:26
30,Cape Town,ZA,-33.9258,18.4232,56.37,77,0,4.61,clear sky,2022-07-21 00:17:51
31,Chokurdakh,RU,70.6333,147.9167,52.14,49,47,7.78,scattered clouds,2022-07-21 00:17:31
32,Avarua,CK,-21.2078,-159.775,75.25,69,75,19.57,broken clouds,2022-07-21 00:17:52
33,Lebu,CL,-37.6167,-73.65,52.39,97,100,8.32,overcast clouds,2022-07-21 00:17:52
34,Ponta Delgada,PT,37.7333,-25.6667,70.52,88,75,3.44,broken clouds,2022-07-21 00:15:39
35,Panguna,PG,-6.3164,155.4848,80.96,61,59,2.55,broken clouds,2022-07-21 00:17:53
36,Mahajanga,MG,-15.7167,46.3167,67.21,67,0,12.35,clear sky,2022-07-21 00:17:53
37,Hilo,US,19.7297,-155.09,83.28,76,75,8.05,broken clouds,2022-07-21 00:17:32
38,Hermanus,ZA,-34.4187,19.2345,50.34,76,0,6.4,clear sky,2022-07-21 00:16:44
39,Kyzyl,RU,51.7,94.45,60.57,53,4,1.14,clear sky,2022-07-21 00:17:54
40,Esperance,AU,-33.8667,121.9,59.16,65,100,22.79,light rain,2022-07-21 00:17:30
41,Sorland,NO,67.667,12.6934,51.66,92,99,15.79,overcast clouds,2022-07-21 00:17:55
42,Punta Arenas,CL,-53.15,-70.9167,32.11,86,40,23.02,scattered clouds,2022-07-21 00:17:55
43,Boma,GH,7.0805,-2.1697,69.06,85,91,3.47,overcast clouds,2022-07-21 00:17:56
44,Jintur,IN,19.6167,76.7,75.18,83,100,10.74,overcast clouds,2022-07-21 00:17:56
45,Bethel,US,41.3712,-73.414,85.66,70,17,6.53,few clouds,2022-07-21 00:17:21
46,Torbay,CA,47.6666,-52.7314,63.39,87,100,21.85,light rain,2022-07-21 00:16:34
47,Shebunino,RU,46.4339,141.8603,65.89,69,42,5.1,scattered clouds,2022-07-21 00:17:57
48,Nurota,UZ,40.5614,65.6886,80.13,19,0,9.73,clear sky,2022-07-21 00:17:57
49,Tuatapere,NZ,-46.1333,167.6833,44.82,82,100,3.56,overcast clouds,2022-07-21 00:17:58
50,Rovinj,HR,45.08,13.64,72.5,56,4,2.57,clear sky,2022-07-21 00:17:58
51,Rikitea,PF,-23.1203,-134.9692,73.33,76,0,5.01,light rain,2022-07-21 00:17:58
52,Marystown,CA,47.1666,-55.1483,61.86,100,99,8.01,overcast clouds,2022-07-21 00:17:59
53,Vaini,TO,-21.2,-175.2,80.76,78,20,9.22,few clouds,2022-07-21 00:17:59
54,Tecoanapa,MX,16.5167,-98.75,84.36,74,100,5.86,overcast clouds,2022-07-21 00:17:59
55,Geraldton,AU,-28.7667,114.6,61.21,94,75,9.22,broken clouds,2022-07-21 00:18:00
56,Sokolo,ML,14.7328,-6.1219,80.26,73,100,6.53,overcast clouds,2022-07-21 00:18:00
57,Eskil,TR,38.4017,33.4131,61.99,66,3,9.62,clear sky,2022-07-21 00:18:01
58,Cabo San Lucas,MX,22.8909,-109.9124,96.62,51,0,19.57,clear sky,2022-07-21 00:18:02
59,Butaritari,KI,3.0707,172.7902,81.05,81,80,9.53,moderate rain,2022-07-21 00:16:36
60,Adrar,MR,20.5022,-10.0711,90.75,26,62,9.8,broken clouds,2022-07-21 00:18:02
61,Hamilton,US,39.1834,-84.5333,90.86,72,75,9.22,broken clouds,2022-07-21 00:18:03
62,Tuktoyaktuk,CA,69.4541,-133.0374,51.8,87,100,4.61,overcast clouds,2022-07-21 00:17:13
63,Mugur-Aksy,RU,50.35,90.5,47.66,72,56,4.09,broken clouds,2022-07-21 00:18:04
64,Bireun,ID,5.203,96.7009,77.38,69,100,4.21,overcast clouds,2022-07-21 00:18:04
65,Lusambo,CD,-4.9667,23.45,75.33,50,66,0.51,broken clouds,2022-07-21 00:18:05
66,Sao Filipe,CV,14.8961,-24.4956,76.23,88,83,4.56,broken clouds,2022-07-21 00:18:05
67,Namatanai,PG,-3.6667,152.4333,84.18,67,68,6.93,broken clouds,2022-07-21 00:18:05
68,Narsaq,GL,60.9167,-46.05,52.02,92,64,2.1,broken clouds,2022-07-21 00:18:06
69,San Cristobal,VE,7.7669,-72.225,75.38,96,41,3.91,scattered clouds,2022-07-21 00:18:06
70,Koplik,AL,42.2136,19.4364,69.4,37,0,4.43,clear sky,2022-07-21 00:18:06
71,Mehamn,NO,71.0357,27.8492,53.55,94,96,3.44,overcast clouds,2022-07-21 00:18:07
72,Cidreira,BR,-30.1811,-50.2056,61.81,93,0,16.2,clear sky,2022-07-21 00:18:07
73,Terny,UA,50.9833,33.9833,52.05,90,1,11.79,clear sky,2022-07-21 00:18:08
74,Saint-Philippe,RE,-21.3585,55.7679,67.59,77,41,15.03,light rain,2022-07-21 00:18:08
75,Arraial Do Cabo,BR,-22.9661,-42.0278,69.84,86,3,11.83,clear sky,2022-07-21 00:16:43
76,Andenes,NO,69.3143,16.1194,57.92,94,100,6.91,overcast clouds,2022-07-21 00:16:44
77,Port-Gentil,GA,-0.7193,8.7815,73.98,85,88,13.0,overcast clouds,2022-07-21 00:18:09
78,Tasiilaq,GL,65.6145,-37.6368,37.56,78,61,2.33,broken clouds,2022-07-21 00:18:10
79,Opuwo,NA,-18.0607,13.84,56.59,36,0,6.08,clear sky,2022-07-21 00:18:10
80,Dingle,PH,10.9995,122.6711,81.27,83,86,1.83,light rain,2022-07-21 00:18:11
81,Ballina,AU,-28.8667,153.5667,60.01,86,100,17.65,light rain,2022-07-21 00:17:44
82,Catamarca,AR,-28.4696,-65.7852,64.58,59,93,4.0,overcast clouds,2022-07-21 00:18:11
83,Alice Springs,AU,-23.7,133.8833,49.55,43,1,13.8,clear sky,2022-07-21 00:16:51
84,Bud,US,39.447,-86.1758,89.58,60,1,11.72,clear sky,2022-07-21 00:18:12
85,Lavrentiya,RU,65.5833,-171.0,43.12,69,100,26.24,overcast clouds,2022-07-21 00:17:27
86,Poronaysk,RU,49.2167,143.1167,59.32,84,100,6.58,overcast clouds,2022-07-21 00:18:12
87,Itamaraju,BR,-17.0392,-39.5311,64.54,96,14,2.01,few clouds,2022-07-21 00:18:13
88,Iqaluit,CA,63.7506,-68.5145,46.13,93,100,2.3,overcast clouds,2022-07-21 00:18:13
89,Mar Del Plata,AR,-38.0023,-57.5575,58.08,63,0,20.71,clear sky,2022-07-21 00:16:31
90,Shinpokh,PK,34.3292,71.1782,81.81,70,2,4.76,clear sky,2022-07-21 00:18:14
91,Ozernovskiy,RU,51.5,156.5167,57.49,89,11,2.98,few clouds,2022-07-21 00:18:15
92,Belaya Gora,RU,68.5333,146.4167,54.36,55,36,5.48,scattered clouds,2022-07-21 00:16:24
93,Tiksi,RU,71.6872,128.8694,39.96,85,52,21.25,broken clouds,2022-07-21 00:18:16
94,Khatanga,RU,71.9667,102.5,47.89,62,100,22.24,overcast clouds,2022-07-21 00:18:16
95,Seymchan,RU,62.8833,152.4333,45.55,77,100,9.4,overcast clouds,2022-07-21 00:18:17
96,Nuuk,GL,64.1835,-51.7216,50.61,87,100,13.8,overcast clouds,2022-07-21 00:16:45
97,Upernavik,GL,72.7868,-56.1549,48.2,69,94,8.61,overcast clouds,2022-07-21 00:14:18
98,Hasaki,JP,35.7333,140.8333,84.29,76,76,6.44,light rain,2022-07-21 00:18:18
99,Port Alfred,ZA,-33.5906,26.891,56.17,97,96,1.99,overcast clouds,2022-07-21 00:18:18
100,Hit,IQ,33.6416,42.8251,93.04,17,0,11.63,clear sky,2022-07-21 00:18:18
101,Mocajuba,BR,-2.5842,-49.5072,78.1,71,74,1.86,broken clouds,2022-07-21 00:18:19
102,Shelburne,CA,44.0787,-80.2041,74.23,77,97,18.95,light rain,2022-07-21 00:18:19
103,Tharad,IN,24.3961,71.6267,82.67,79,100,14.14,overcast clouds,2022-07-21 00:18:20
104,Yellowknife,CA,62.456,-114.3525,68.52,40,75,11.5,broken clouds,2022-07-21 00:15:34
105,Kathu,TH,7.9178,98.3332,86.76,85,100,12.97,overcast clouds,2022-07-21 00:18:20
106,Roald,NO,62.5833,6.1333,61.16,88,100,4.61,light intensity drizzle,2022-07-21 00:18:21
107,Banda Aceh,ID,5.5577,95.3222,80.1,70,100,12.71,overcast clouds,2022-07-21 00:18:21
108,Yar-Sale,RU,66.8333,70.8333,51.82,67,30,10.85,scattered clouds,2022-07-21 00:17:13
109,Aklavik,CA,68.2191,-135.0107,67.05,43,98,9.62,overcast clouds,2022-07-21 00:16:40
110,Katherine,AU,-14.4667,132.2667,73.72,40,53,10.36,broken clouds,2022-07-21 00:18:22
111,Rio Grande,BR,-32.035,-52.0986,59.95,91,0,10.92,clear sky,2022-07-21 00:18:22
112,Maceio,BR,-9.6658,-35.7353,75.47,86,33,12.55,scattered clouds,2022-07-21 00:13:53
113,Sumbe,AO,-11.2061,13.8437,66.88,92,32,5.73,scattered clouds,2022-07-21 00:18:23
114,Georgetown,MY,5.4112,100.3354,80.89,85,20,0.0,few clouds,2022-07-21 00:13:26
115,San Lazaro,BZ,18.0387,-88.6622,81.55,76,51,6.44,broken clouds,2022-07-21 00:18:23
116,Lompoc,US,34.6391,-120.4579,90.01,65,0,14.97,clear sky,2022-07-21 00:18:24
117,Shache,CN,38.4167,77.2406,74.73,19,0,7.49,clear sky,2022-07-21 00:18:24
118,Kahama,TZ,-3.8333,32.6,63.14,54,0,8.77,clear sky,2022-07-21 00:18:25
119,Matamoros,MX,25.5333,-103.25,100.51,12,75,4.61,broken clouds,2022-07-21 00:15:36
120,Zabid,YE,14.1951,43.3152,85.28,53,100,7.29,overcast clouds,2022-07-21 00:18:25
121,Mandurah,AU,-32.55,115.7,53.91,88,100,10.96,overcast clouds,2022-07-21 00:18:26
122,Port Hardy,CA,50.6996,-127.4199,62.78,72,20,13.8,few clouds,2022-07-21 00:18:14
123,Oktyabrskoye,RU,43.0645,44.7417,60.35,93,45,4.47,scattered clouds,2022-07-21 00:18:26
124,Benguela,AO,-12.5763,13.4055,65.95,91,27,3.09,scattered clouds,2022-07-21 00:18:26
125,Russell,US,32.3502,-85.1999,89.96,68,70,9.55,broken clouds,2022-07-21 00:15:30
126,Sitka,US,57.0531,-135.33,55.29,82,100,8.05,light rain,2022-07-21 00:16:57
127,Kapaa,US,22.0752,-159.319,85.98,71,20,18.41,few clouds,2022-07-21 00:15:23
128,Albany,US,42.6001,-73.9662,86.88,58,54,3.0,broken clouds,2022-07-21 00:14:04
129,Dhamtari,IN,20.7072,81.5497,75.15,92,100,7.52,overcast clouds,2022-07-21 00:18:27
130,Bredasdorp,ZA,-34.5322,20.0403,44.62,90,0,5.59,clear sky,2022-07-21 00:18:28
131,Mount Gambier,AU,-37.8333,140.7667,49.05,63,5,6.29,clear sky,2022-07-21 00:18:28
132,Kemin,KG,42.7846,75.6892,67.62,35,0,6.24,clear sky,2022-07-21 00:18:29
133,Marawi,PH,7.9986,124.2928,75.0,84,39,0.34,scattered clouds,2022-07-21 00:18:29
134,Kabinda,CD,-6.1333,24.4833,73.89,42,93,4.61,overcast clouds,2022-07-21 00:18:30
135,Pachino,IT,36.7186,15.0907,79.25,69,0,3.13,clear sky,2022-07-21 00:18:30
136,Vostok,RU,46.4856,135.8833,66.85,91,46,2.19,light rain,2022-07-21 00:18:31
137,Keelung,TW,25.1283,121.7419,91.11,75,82,2.57,broken clouds,2022-07-21 00:18:31
138,Jian,CN,27.1172,114.9793,82.22,80,100,7.02,overcast clouds,2022-07-21 00:18:31
139,Bengkulu,ID,-3.8004,102.2655,75.7,91,41,3.89,scattered clouds,2022-07-21 00:18:32
140,Kaset Sombun,TH,16.2805,101.9542,76.57,96,100,2.37,overcast clouds,2022-07-21 00:18:32
141,Savannah Bight,HN,16.45,-85.85,82.85,79,28,18.41,scattered clouds,2022-07-21 00:18:33
142,Katsuura,JP,35.1333,140.3,80.35,78,72,8.84,broken clouds,2022-07-21 00:18:33
143,Cockburn Town,TC,21.4612,-71.1419,82.2,80,0,20.62,clear sky,2022-07-21 00:18:34
144,Birin,NP,26.8865,88.0718,63.21,92,100,4.59,overcast clouds,2022-07-21 00:18:34
145,Kulhudhuffushi,MV,6.6221,73.07,80.58,75,97,21.09,overcast clouds,2022-07-21 00:18:35
146,Thompson,CA,55.7435,-97.8558,71.31,48,53,9.89,broken clouds,2022-07-21 00:18:02
147,Opunake,NZ,-39.4556,173.8583,53.46,83,94,23.8,overcast clouds,2022-07-21 00:18:35
148,Pevek,RU,69.7008,170.3133,31.78,86,99,15.77,overcast clouds,2022-07-21 00:18:36
149,Novotroitskaya,RU,45.3267,41.5253,65.77,91,5,7.05,clear sky,2022-07-21 00:18:36
150,Kibala,TD,9.1104,18.3463,71.08,96,58,3.24,broken clouds,2022-07-21 00:18:37
151,Dudinka,RU,69.4058,86.1778,56.62,81,100,9.15,overcast clouds,2022-07-21 00:18:37
152,New Norfolk,AU,-42.7826,147.0587,45.91,72,4,1.72,clear sky,2022-07-21 00:18:38
153,Constitucion,CL,-35.3333,-72.4167,51.13,92,4,6.4,clear sky,2022-07-21 00:18:38
154,Ahipara,NZ,-35.1667,173.1667,56.25,74,51,21.97,broken clouds,2022-07-21 00:18:31
155,Kimbe,PG,-5.5502,150.1429,85.93,65,98,0.69,overcast clouds,2022-07-21 00:18:38
156,Biak,ID,-0.9131,122.8766,79.25,77,40,3.2,scattered clouds,2022-07-21 00:18:39
157,Alofi,NU,-19.0595,-169.9187,73.29,83,75,12.66,heavy intensity shower rain,2022-07-21 00:18:39
158,Bluff,NZ,-46.6,168.3333,42.8,68,100,6.85,overcast clouds,2022-07-21 00:18:40
159,Quatre Cocos,MU,-20.2078,57.7625,68.11,71,95,20.96,light rain,2022-07-21 00:18:40
160,Saint-Denis,FR,48.9167,2.3333,68.16,85,100,4.61,overcast clouds,2022-07-21 00:18:40
161,Itoman,JP,26.1247,127.6694,91.4,84,20,6.91,few clouds,2022-07-21 00:16:35
162,Guerrero Negro,MX,27.9769,-114.0611,79.9,48,12,16.62,few clouds,2022-07-21 00:18:41
163,Gurmatkal,IN,16.8667,77.4,73.51,83,95,10.18,overcast clouds,2022-07-21 00:18:41
164,Fez,MA,34.0372,-4.9998,82.65,36,0,3.44,clear sky,2022-07-21 00:18:42
165,Aksarka,RU,66.5606,67.7975,54.3,84,94,9.93,light rain,2022-07-21 00:18:42
166,Trairi,BR,-3.2778,-39.2689,77.59,74,71,13.67,broken clouds,2022-07-21 00:16:38
167,Chongwe,ZM,-15.3292,28.682,60.94,65,85,4.68,overcast clouds,2022-07-21 00:18:43
168,Norman Wells,CA,65.282,-126.8329,78.84,29,75,4.61,broken clouds,2022-07-21 00:16:48
169,East London,ZA,-33.0153,27.9116,61.66,83,97,5.77,overcast clouds,2022-07-21 00:17:19
170,Liverpool,GB,53.4106,-2.9779,62.15,80,75,11.5,broken clouds,2022-07-21 00:16:26
171,Codrington,AU,-38.2667,141.9667,48.65,62,0,7.54,clear sky,2022-07-21 00:18:44
172,Xinzhi,CN,36.4989,111.7047,77.72,60,0,2.55,clear sky,2022-07-21 00:18:45
173,Kaitangata,NZ,-46.2817,169.8464,42.76,82,100,8.68,overcast clouds,2022-07-21 00:18:45
174,Wakefield,GB,53.6809,-1.499,66.83,82,100,1.99,overcast clouds,2022-07-21 00:18:46
175,Poum,NC,-20.2333,164.0167,77.56,81,94,14.29,overcast clouds,2022-07-21 00:18:46
176,Tiznit,MA,29.5833,-9.5,90.39,21,62,5.03,broken clouds,2022-07-21 00:18:47
177,Grants,US,35.1473,-107.8514,89.83,18,84,11.5,broken clouds,2022-07-21 00:18:47
178,Ilulissat,GL,69.2167,-51.1,59.02,41,75,14.97,broken clouds,2022-07-21 00:18:48
179,Wasilla,US,61.5814,-149.4394,62.53,69,100,11.5,overcast clouds,2022-07-21 00:16:30
180,Matay,EG,28.419,30.7792,79.65,47,0,15.23,clear sky,2022-07-21 00:18:48
181,Kaohsiung,TW,22.6163,120.3133,89.55,74,75,2.3,broken clouds,2022-07-21 00:18:48
182,Longyearbyen,SJ,78.2186,15.6401,49.84,87,75,13.8,broken clouds,2022-07-21 00:16:55
183,Zholymbet,KZ,51.7433,71.7122,63.91,87,83,12.06,broken clouds,2022-07-21 00:18:49
184,Starosubkhangulovo,RU,53.1031,57.4423,50.77,96,0,2.17,clear sky,2022-07-21 00:18:49
185,Turukhansk,RU,65.8167,87.9833,53.8,85,91,8.25,overcast clouds,2022-07-21 00:18:50
186,Amuntai,ID,-2.4177,115.2494,77.02,88,6,1.88,clear sky,2022-07-21 00:18:50
187,Isla Mujeres,MX,21.2311,-86.731,86.16,73,5,8.97,clear sky,2022-07-21 00:18:51
188,Cabrera,DO,19.6426,-69.9049,78.73,85,5,15.3,clear sky,2022-07-21 00:18:51
189,Bubanza,BI,-3.1167,29.4,69.62,56,32,1.92,scattered clouds,2022-07-21 00:18:52
190,Moundsville,US,39.9203,-80.7431,85.95,80,19,7.23,few clouds,2022-07-21 00:18:52
191,Tucurui,BR,-3.7661,-49.6725,81.1,61,68,2.01,broken clouds,2022-07-21 00:18:53
192,Ribeira Grande,PT,38.5167,-28.7,70.2,88,20,5.75,few clouds,2022-07-21 00:18:53
193,Sinnamary,GF,5.3833,-52.95,77.34,85,19,6.38,few clouds,2022-07-21 00:13:58
194,Presidente Epitacio,BR,-21.7633,-52.1156,73.81,36,37,3.51,scattered clouds,2022-07-21 00:17:31
195,Bull Savanna,JM,17.8868,-77.5902,78.76,70,22,9.28,few clouds,2022-07-21 00:18:54
196,Kalmunai,LK,7.4167,81.8167,79.27,86,62,4.56,broken clouds,2022-07-21 00:18:55
197,Haines Junction,CA,60.7522,-137.5108,55.71,54,100,7.81,overcast clouds,2022-07-21 00:18:55
198,Port Blair,IN,11.6667,92.75,80.26,80,100,4.99,moderate rain,2022-07-21 00:17:24
199,Sur,OM,22.5667,59.5289,83.19,77,89,14.63,overcast clouds,2022-07-21 00:18:55
200,Obihiro,JP,42.9172,143.2044,65.61,87,84,3.58,broken clouds,2022-07-21 00:18:56
201,Seoul,KR,37.5683,126.9778,71.17,94,100,10.36,moderate rain,2022-07-21 00:18:56
202,Mnogovershinnyy,RU,53.9353,139.9242,60.48,74,88,5.41,overcast clouds,2022-07-21 00:18:57
203,Padang,ID,-0.9492,100.3543,73.45,84,49,3.27,scattered clouds,2022-07-21 00:16:47
204,Dubuque,US,42.4833,-90.8668,81.52,53,0,10.36,clear sky,2022-07-21 00:18:57
205,Nemuro,JP,43.3236,145.575,59.2,89,59,5.7,broken clouds,2022-07-21 00:17:42
206,Barcelos,PT,41.5388,-8.6151,70.84,75,0,2.64,clear sky,2022-07-21 00:16:46
207,Tessalit,ML,20.1986,1.0114,83.01,53,78,10.63,broken clouds,2022-07-21 00:15:09
208,Cabo Rojo,PR,18.0866,-67.1457,83.97,83,50,1.99,scattered clouds,2022-07-21 00:18:58
209,Cuamba,MZ,-14.8031,36.5372,65.68,67,35,2.73,scattered clouds,2022-07-21 00:18:58
210,Moyale,KE,3.5167,39.0584,64.13,67,89,11.3,overcast clouds,2022-07-21 00:18:59
211,Tual,ID,-5.6667,132.75,78.75,77,100,20.58,overcast clouds,2022-07-21 00:14:13
212,High Level,CA,58.5169,-117.136,73.51,46,40,3.44,scattered clouds,2022-07-21 00:18:59
213,Severo-Kurilsk,RU,50.6789,156.125,52.86,97,98,11.43,overcast clouds,2022-07-21 00:19:00
214,Itarema,BR,-2.9248,-39.9167,77.4,76,50,11.63,scattered clouds,2022-07-21 00:19:00
215,Sao Joao Da Barra,BR,-21.6403,-41.0511,67.98,93,2,7.9,clear sky,2022-07-21 00:19:01
216,Buala,SB,-8.145,159.5921,85.12,66,98,8.43,overcast clouds,2022-07-21 00:19:01
217,Coihaique,CL,-45.5752,-72.0662,33.75,75,100,4.61,light snow,2022-07-21 00:15:18
218,Mosquera,CO,4.7059,-74.2302,60.89,63,40,5.75,scattered clouds,2022-07-21 00:18:19
219,Aksu,CN,41.1231,80.2644,72.43,41,0,14.47,clear sky,2022-07-21 00:19:02
220,Vardo,NO,70.3705,31.1107,51.78,100,100,4.61,overcast clouds,2022-07-21 00:19:02
221,Seminole,US,28.7086,-81.2081,80.96,91,100,8.05,heavy intensity rain,2022-07-21 00:14:14
222,Mahebourg,MU,-20.4081,57.7,68.29,73,75,13.8,broken clouds,2022-07-21 00:19:03
223,Atuona,PF,-9.8,-139.0333,77.56,75,3,14.36,clear sky,2022-07-21 00:16:28
224,Beringovskiy,RU,63.05,179.3167,44.2,70,98,17.13,overcast clouds,2022-07-21 00:19:03
225,Vila Velha,BR,-20.3297,-40.2925,70.95,91,6,5.01,clear sky,2022-07-21 00:14:22
226,Clyde River,CA,70.4692,-68.5914,37.63,100,100,9.22,light rain,2022-07-21 00:19:04
227,Prachuap Khiri Khan,TH,12.2167,99.75,71.42,92,100,9.62,light rain,2022-07-21 00:16:01
228,Kushima,JP,31.4583,131.2333,85.53,79,100,10.13,overcast clouds,2022-07-21 00:19:05
229,Elat,IL,29.5581,34.9482,82.24,57,0,9.22,clear sky,2022-07-21 00:19:05
230,Skjervoy,NO,70.0311,20.9714,59.0,79,100,8.46,overcast clouds,2022-07-21 00:16:35
231,Khandyga,RU,62.6667,135.6,80.04,54,0,2.42,clear sky,2022-07-21 00:19:06
232,Igarka,RU,67.4667,86.5833,51.08,97,100,6.69,overcast clouds,2022-07-21 00:19:06
233,Shu,KZ,43.5983,73.7614,72.39,19,0,6.55,clear sky,2022-07-21 00:19:07
234,Boldumsaz,TM,42.1282,59.671,82.45,22,0,8.19,clear sky,2022-07-21 00:19:07
235,Nanakuli,US,21.3906,-158.1547,84.15,61,75,13.8,broken clouds,2022-07-21 00:19:08
236,Saint-Leu,RE,-21.15,55.2833,67.06,66,32,8.23,scattered clouds,2022-07-21 00:19:08
237,Tazovskiy,RU,67.4667,78.7,45.9,87,100,11.21,overcast clouds,2022-07-21 00:19:08
238,Odesa,UA,46.4775,30.7326,71.62,62,58,14.16,broken clouds,2022-07-21 00:19:09
239,Staryy Nadym,RU,65.6118,72.6842,52.02,68,7,10.31,clear sky,2022-07-21 00:19:09
240,Saint-Francois,FR,46.4154,3.9054,62.04,88,0,1.14,clear sky,2022-07-21 00:19:09
241,Nanortalik,GL,60.1432,-45.2371,49.46,88,29,14.43,scattered clouds,2022-07-21 00:19:10
242,Beloha,MG,-25.1667,45.05,61.0,67,0,7.09,clear sky,2022-07-21 00:19:10
243,Lulea,SE,65.5842,22.1547,60.87,88,40,4.61,scattered clouds,2022-07-21 00:19:11
244,Takoradi,GH,4.8845,-1.7554,73.24,76,30,8.52,scattered clouds,2022-07-21 00:19:11
245,Tiarei,PF,-17.5333,-149.3333,82.42,73,6,11.43,clear sky,2022-07-21 00:19:12
246,Hobart,AU,-42.8794,147.3294,44.26,88,20,9.22,few clouds,2022-07-21 00:15:02
247,Kiunga,PG,-6.1219,141.2906,73.54,99,100,1.19,overcast clouds,2022-07-21 00:19:12
248,Mastic Beach,US,40.7668,-72.8521,85.03,80,3,14.0,clear sky,2022-07-21 00:14:22
249,Mandiana,GN,10.6333,-8.6833,71.11,98,100,4.56,moderate rain,2022-07-21 00:19:13
250,Akyab,MM,20.15,92.9,81.72,84,97,4.25,overcast clouds,2022-07-21 00:19:13
251,Chivay,PE,-15.6383,-71.6011,48.49,46,39,6.35,scattered clouds,2022-07-21 00:19:14
252,Broome,US,42.2506,-75.833,85.69,58,0,10.36,clear sky,2022-07-21 00:16:30
253,Qaanaaq,GL,77.484,-69.3632,40.06,83,100,3.85,overcast clouds,2022-07-21 00:19:14
254,Swellendam,ZA,-34.0226,20.4417,44.37,93,0,1.66,clear sky,2022-07-21 00:18:47
255,Veracruz,MX,19.3333,-96.6667,80.19,73,76,5.59,broken clouds,2022-07-21 00:19:07
256,Buchanan,LR,5.8808,-10.0467,74.93,79,98,11.07,overcast clouds,2022-07-21 00:19:15
257,Katobu,ID,-4.9408,122.5276,79.0,84,17,6.87,few clouds,2022-07-21 00:19:15
258,Cherskiy,RU,68.75,161.3,47.26,41,11,17.69,few clouds,2022-07-21 00:19:16
259,Havre-Saint-Pierre,CA,50.2334,-63.5986,70.16,64,40,12.66,scattered clouds,2022-07-21 00:19:16
260,Gallup,US,35.5281,-108.7426,93.96,17,0,11.5,clear sky,2022-07-21 00:18:44
261,Tezu,IN,27.9167,96.1667,76.69,98,100,1.68,overcast clouds,2022-07-21 00:19:17
262,Saint George,US,37.1041,-113.5841,107.64,14,0,18.41,clear sky,2022-07-21 00:16:56
263,Kirya,TZ,-3.9167,37.4833,60.8,92,32,6.02,scattered clouds,2022-07-21 00:19:17
264,Vila,PT,42.0304,-8.1588,60.69,76,0,4.47,clear sky,2022-07-21 00:19:18
265,Cayenne,GF,4.9333,-52.3333,81.09,1,0,2.3,clear sky,2022-07-21 00:19:18
266,Ercis,TR,39.0287,43.3586,65.88,40,0,1.19,clear sky,2022-07-21 00:19:19
267,San Quintin,MX,30.4833,-115.95,74.37,67,30,12.59,scattered clouds,2022-07-21 00:19:19
268,Vila Franca Do Campo,PT,37.7167,-25.4333,70.21,89,62,1.12,broken clouds,2022-07-21 00:19:19
269,Ares,BR,-6.1944,-35.1603,75.29,93,77,7.02,broken clouds,2022-07-21 00:19:20
270,Tilichiki,RU,60.4667,166.1,63.19,39,5,7.4,clear sky,2022-07-21 00:19:20
271,Nikolskoye,RU,59.7035,30.7861,65.88,77,54,7.49,broken clouds,2022-07-21 00:16:54
272,Kathmandu,NP,27.7167,85.3167,70.02,100,75,2.3,broken clouds,2022-07-21 00:15:24
273,Gillette,US,44.2911,-105.5022,88.72,11,0,16.11,clear sky,2022-07-21 00:18:45
274,Cintalapa,MX,16.6951,-93.7272,76.87,78,53,6.73,broken clouds,2022-07-21 00:19:21
275,Ayorou,NE,14.7308,0.9174,85.71,55,96,15.14,overcast clouds,2022-07-21 00:19:21
276,Pilar,BR,-9.5972,-35.9567,75.13,95,57,4.16,broken clouds,2022-07-21 00:18:47
277,Shingu,JP,33.7333,135.9833,86.56,56,77,0.76,broken clouds,2022-07-21 00:19:22
278,Zalantun,CN,48.0,122.7167,76.75,69,0,1.9,clear sky,2022-07-21 00:19:23
279,Corn Island,NI,12.1694,-83.0418,82.4,77,82,16.62,broken clouds,2022-07-21 00:19:23
280,Almaznyy,RU,48.0448,40.045,65.39,57,65,9.86,broken clouds,2022-07-21 00:19:23
281,Talcahuano,CL,-36.7167,-73.1167,51.48,100,100,11.5,light intensity drizzle,2022-07-21 00:19:24
282,Sola,VU,-13.8833,167.55,86.67,74,75,4.61,broken clouds,2022-07-21 00:19:24
283,Baykit,RU,61.67,96.37,58.41,82,32,2.91,scattered clouds,2022-07-21 00:19:25
284,Astorga,BR,-23.2325,-51.6656,65.79,66,4,8.08,clear sky,2022-07-21 00:19:25
285,Erenhot,CN,43.6475,111.9767,80.01,27,7,7.58,clear sky,2022-07-21 00:19:25
286,Eydhafushi,MV,5.1033,73.0708,80.55,77,96,20.6,heavy intensity rain,2022-07-21 00:19:26
287,Port Shepstone,ZA,-30.7414,30.455,62.64,78,81,3.91,broken clouds,2022-07-21 00:19:26
288,Kurilsk,RU,45.2333,147.8833,52.54,95,100,8.99,overcast clouds,2022-07-21 00:19:27
289,Baoding,CN,38.8511,115.4903,77.16,74,1,4.41,clear sky,2022-07-21 00:19:27
290,Ravar,IR,31.2656,56.8055,82.26,14,0,4.61,clear sky,2022-07-21 00:17:09
291,Moose Factory,CA,51.2585,-80.6094,68.0,77,75,17.27,haze,2022-07-21 00:17:57
292,Jhunjhunun,IN,28.1307,75.4014,84.0,73,100,8.39,overcast clouds,2022-07-21 00:19:28
293,Ust-Nera,RU,64.5667,143.2,64.22,64,100,8.57,overcast clouds,2022-07-21 00:19:28
294,Moussoro,TD,13.6408,16.4901,80.56,65,53,6.31,light rain,2022-07-21 00:19:28
295,Kismayo,SO,-0.3582,42.5454,74.3,81,98,16.58,overcast clouds,2022-07-21 00:19:29
296,Bambous Virieux,MU,-20.3428,57.7575,69.22,73,75,13.8,light rain,2022-07-21 00:19:29
297,Talnakh,RU,69.4865,88.3972,56.21,64,96,6.4,overcast clouds,2022-07-21 00:16:52
298,Porto Novo,BJ,6.4965,2.6036,73.74,77,97,7.18,overcast clouds,2022-07-21 00:19:30
299,Menongue,AO,-14.6585,17.691,49.1,50,30,3.6,scattered clouds,2022-07-21 00:19:30
300,Calatayud,ES,41.3535,-1.6432,72.99,57,0,3.33,clear sky,2022-07-21 00:19:31
301,Juneau,US,58.3019,-134.4197,53.22,95,100,12.66,light rain,2022-07-21 00:18:16
302,Kosh-Agach,RU,50.0,88.6667,48.16,62,62,2.19,broken clouds,2022-07-21 00:19:31
303,Necochea,AR,-38.5473,-58.7368,56.73,59,8,16.62,clear sky,2022-07-21 00:15:05
304,Bilibino,RU,68.0546,166.4372,53.2,39,83,7.67,broken clouds,2022-07-21 00:19:32
305,Rock Sound,BS,24.9,-76.2,82.65,75,8,15.37,clear sky,2022-07-21 00:19:32
306,Klyuchi,RU,52.2667,79.1667,66.99,60,100,13.65,overcast clouds,2022-07-21 00:19:32
307,Fukue,JP,32.6881,128.8419,82.76,89,75,11.5,moderate rain,2022-07-21 00:19:33
308,Chikhli,IN,20.35,76.25,72.43,87,100,11.14,overcast clouds,2022-07-21 00:19:33
309,Kahului,US,20.8947,-156.47,87.82,42,20,19.57,few clouds,2022-07-21 00:16:13
310,Ola,RU,59.5833,151.2833,77.14,79,35,5.01,scattered clouds,2022-07-21 00:19:34
311,Huanren,CN,41.2647,125.3667,67.06,96,100,3.18,overcast clouds,2022-07-21 00:19:34
312,Murdochville,CA,48.9583,-65.5006,56.28,56,12,10.4,few clouds,2022-07-21 00:19:35
313,Calama,CL,-22.4667,-68.9333,59.49,8,20,8.05,few clouds,2022-07-21 00:19:35
314,Leh,IN,34.1667,77.5833,60.42,23,98,8.7,overcast clouds,2022-07-21 00:19:35
315,Maarianhamina,AX,60.0973,19.9348,60.66,94,0,4.61,clear sky,2022-07-21 00:19:36
316,Tupik,RU,54.4253,119.9327,64.29,90,75,0.56,broken clouds,2022-07-21 00:19:36
317,Colares,PT,38.7992,-9.4469,68.9,69,0,20.0,clear sky,2022-07-21 00:19:37
318,Forssa,FI,60.8146,23.6215,58.41,80,92,1.1,overcast clouds,2022-07-21 00:19:37
319,Saldanha,ZA,-33.0117,17.9442,39.25,67,0,9.28,clear sky,2022-07-21 00:19:37
320,Nome,US,64.5011,-165.4064,46.47,93,100,8.05,moderate rain,2022-07-21 00:17:57
321,Sorsk,RU,54.0033,90.2467,54.05,82,97,3.74,overcast clouds,2022-07-21 00:19:38
322,Lucapa,AO,-8.4192,20.7447,68.76,35,4,4.74,clear sky,2022-07-21 00:19:38
323,Victoria,HK,22.2855,114.1577,88.97,80,16,5.99,few clouds,2022-07-21 00:19:34
324,Isangel,VU,-19.55,169.2667,82.51,78,75,6.91,broken clouds,2022-07-21 00:19:39
325,Severobaykalsk,RU,55.65,109.3167,54.77,81,65,0.92,broken clouds,2022-07-21 00:19:39
326,Kavaratti,IN,10.5669,72.642,80.82,79,98,19.17,overcast clouds,2022-07-21 00:19:32
327,Ormara,PK,25.2088,64.6357,83.14,83,100,17.87,overcast clouds,2022-07-21 00:19:40
328,Katangli,RU,51.7102,143.2326,52.83,98,100,10.92,overcast clouds,2022-07-21 00:19:40
329,Atasu,KZ,48.6814,71.6433,78.33,40,96,2.39,overcast clouds,2022-07-21 00:19:41
330,Bilma,NE,18.6853,12.9164,89.22,35,80,7.34,broken clouds,2022-07-21 00:19:41
331,Praia Da Vitoria,PT,38.7333,-27.0667,70.05,94,20,1.63,few clouds,2022-07-21 00:19:42
332,Te Anau,NZ,-45.4167,167.7167,41.79,85,96,2.44,overcast clouds,2022-07-21 00:19:42
333,Haverfordwest,GB,51.8017,-4.9691,56.79,92,23,8.12,few clouds,2022-07-21 00:19:42
334,Lambarene,GA,-0.7001,10.2406,73.15,86,100,3.71,overcast clouds,2022-07-21 00:19:43
335,Hay River,CA,60.8156,-115.7999,60.78,82,75,8.05,broken clouds,2022-07-21 00:19:43
336,Kirakira,SB,-10.4544,161.9205,84.67,69,52,7.63,broken clouds,2022-07-21 00:19:44
337,Labuhan,ID,-6.8844,112.2051,76.48,78,17,13.24,few clouds,2022-07-21 00:19:44
338,Dunedin,NZ,-45.8742,170.5036,45.81,65,96,14.0,overcast clouds,2022-07-21 00:16:37
339,Leo,BF,11.1,-2.1,76.33,75,93,5.64,light rain,2022-07-21 00:19:45
340,Pedro Ii,BR,-4.4247,-41.4586,76.24,39,53,2.84,broken clouds,2022-07-21 00:19:45
341,San Carlos De Bariloche,AR,-41.1456,-71.3082,35.35,69,75,24.16,broken clouds,2022-07-21 00:19:45
342,Wonthaggi,AU,-38.6044,145.5913,45.82,72,2,4.99,clear sky,2022-07-21 00:19:46
343,Matagami,CA,49.7502,-77.6328,71.71,83,75,6.91,broken clouds,2022-07-21 00:17:36
344,Dekar,BW,-21.5333,21.9333,51.24,47,0,5.53,clear sky,2022-07-21 00:19:47
345,Pisco,PE,-13.7,-76.2167,60.85,77,100,4.61,overcast clouds,2022-07-21 00:19:47
346,Lagoa,PT,39.05,-27.9833,71.28,82,19,3.78,few clouds,2022-07-21 00:19:48
347,Inhambane,MZ,-23.865,35.3833,67.35,85,0,5.44,clear sky,2022-07-21 00:19:48
348,Bartlesville,US,36.7473,-95.9808,103.95,26,0,9.22,clear sky,2022-07-21 00:15:22
349,Komsomolskiy,UZ,40.4272,71.7189,75.92,35,0,4.61,clear sky,2022-07-21 00:19:49
350,Bouza,NE,14.4229,6.0428,79.66,68,90,26.26,moderate rain,2022-07-21 00:19:49
351,Reconquista,AR,-29.15,-59.65,71.82,86,100,3.2,overcast clouds,2022-07-21 00:19:50
352,Pionerskiy,RU,54.9508,20.2275,61.75,77,7,9.55,clear sky,2022-07-21 00:19:50
353,Deputatskiy,RU,69.3,139.9,42.82,78,82,14.25,broken clouds,2022-07-21 00:19:50
354,Naila,DE,50.3167,11.7,71.76,60,75,11.5,broken clouds,2022-07-21 00:19:51
355,Skibbereen,IE,51.55,-9.2667,58.1,83,49,5.97,scattered clouds,2022-07-21 00:19:51
356,Hobyo,SO,5.3505,48.5268,75.22,80,32,24.47,scattered clouds,2022-07-21 00:19:52
357,Solhan,TR,38.9634,41.0293,66.31,26,0,2.48,clear sky,2022-07-21 00:19:52
358,Taitung,TW,22.7583,121.1444,88.07,79,20,3.44,few clouds,2022-07-21 00:19:52
359,Nicoya,CR,10.1483,-85.452,76.05,91,100,4.0,overcast clouds,2022-07-21 00:19:53
360,Awjilah,LY,29.1081,21.2869,75.18,38,0,12.68,clear sky,2022-07-21 00:19:53
361,Brookings,US,44.3114,-96.7984,89.6,40,0,6.91,clear sky,2022-07-21 00:19:54
362,Zyryanka,RU,65.75,150.85,56.7,48,68,5.73,broken clouds,2022-07-21 00:19:54
363,Freeport,US,40.6576,-73.5832,91.38,66,0,20.71,clear sky,2022-07-21 00:19:55
364,Cloquet,US,46.7216,-92.4594,81.68,51,100,13.8,overcast clouds,2022-07-21 00:19:55
365,Gorontalo,ID,0.5412,123.0595,80.11,82,34,2.13,scattered clouds,2022-07-21 00:19:56
366,Tocopilla,CL,-22.092,-70.1979,60.84,76,97,2.55,overcast clouds,2022-07-21 00:19:56
367,Arman,RU,59.7,150.1667,77.02,73,14,6.29,few clouds,2022-07-21 00:19:56
368,Gilbues,BR,-9.8317,-45.3439,69.62,35,4,5.3,clear sky,2022-07-21 00:19:57
369,Prince Rupert,CA,54.3161,-130.3201,59.09,74,20,12.66,few clouds,2022-07-21 00:19:57
370,Okha,RU,53.5739,142.9478,57.47,91,100,10.85,overcast clouds,2022-07-21 00:19:57
371,New Haven,US,41.4001,-72.9329,87.31,67,0,10.36,clear sky,2022-07-21 00:19:58
372,Lasa,IT,46.6166,10.7002,67.37,88,13,2.17,few clouds,2022-07-21 00:17:08
373,Verkhnevilyuysk,RU,63.4453,120.3167,59.23,89,100,2.73,overcast clouds,2022-07-21 00:19:58
374,Mandapam,IN,9.2833,79.1167,82.44,78,21,6.53,few clouds,2022-07-21 00:19:59
375,Cheran,MX,19.6833,-101.95,67.6,57,75,2.68,broken clouds,2022-07-21 00:19:59
376,Airai,TL,-8.9266,125.4092,63.05,80,88,3.89,overcast clouds,2022-07-21 00:20:00
377,Kruisfontein,ZA,-34.0033,24.7314,51.89,89,91,5.93,overcast clouds,2022-07-21 00:20:00
378,Hauterive,FR,46.0901,3.4459,63.36,78,0,2.8,clear sky,2022-07-21 00:20:01
379,Ziro,IN,27.6333,93.8333,56.14,99,100,2.21,overcast clouds,2022-07-21 00:20:01
380,Lodwar,KE,3.1191,35.5973,75.83,56,76,14.36,broken clouds,2022-07-21 00:20:01
381,Avera,US,33.194,-82.5271,84.25,61,91,9.31,overcast clouds,2022-07-21 00:20:02
382,Jacareacanga,BR,-6.2222,-57.7528,77.41,56,24,1.59,few clouds,2022-07-21 00:20:02
383,Nelson Bay,AU,-32.7167,152.15,64.0,66,88,21.99,overcast clouds,2022-07-21 00:15:12
384,Yulara,AU,-25.2406,130.9889,51.26,41,46,11.36,scattered clouds,2022-07-21 00:20:03
385,Kyaikto,MM,17.3,97.0167,78.35,91,100,4.23,overcast clouds,2022-07-21 00:18:45
386,Ordzhonikidze,KZ,52.4411,61.7408,57.92,82,12,7.76,few clouds,2022-07-21 00:20:03
387,Pumiao,CN,22.75,108.4833,82.8,87,88,9.1,overcast clouds,2022-07-21 00:20:04
388,Lancaster,US,40.2504,-76.2499,87.03,67,9,8.23,clear sky,2022-07-21 00:15:59
389,Andros Town,BS,24.7,-77.7667,82.36,71,39,13.85,scattered clouds,2022-07-21 00:20:04
390,Manggar,ID,-2.8833,108.2667,80.11,85,78,11.14,light rain,2022-07-21 00:20:05
391,Lisala,CD,2.15,21.5167,69.67,98,69,0.94,broken clouds,2022-07-21 00:20:05
392,Visnes,NO,59.3556,5.2242,58.82,88,100,14.97,overcast clouds,2022-07-21 00:20:05
393,Lehigh Acres,US,26.6254,-81.6248,89.6,66,40,6.91,light rain,2022-07-21 00:15:59
394,Okrika,NG,4.7416,7.0849,75.6,80,100,7.2,overcast clouds,2022-07-21 00:20:06
395,Qaqortoq,GL,60.7167,-46.0333,47.61,95,58,2.82,broken clouds,2022-07-21 00:20:07
396,Luau,AO,-10.7073,22.2247,63.64,38,57,8.05,broken clouds,2022-07-21 00:20:07
397,Lorengau,PG,-2.0226,147.2712,83.34,71,94,5.1,overcast clouds,2022-07-21 00:20:07
398,College,US,64.8569,-147.8028,68.58,51,40,12.66,scattered clouds,2022-07-21 00:20:08
399,Oliver,CA,49.1831,-119.5524,93.45,12,4,4.61,clear sky,2022-07-21 00:15:31
400,Aljezur,PT,37.3191,-8.8033,66.74,82,0,9.08,clear sky,2022-07-21 00:20:08
401,Chingirlau,KZ,51.095,54.0814,63.52,52,2,5.08,clear sky,2022-07-21 00:20:09
402,Howard Springs,AU,-12.497,131.047,77.88,73,85,6.71,overcast clouds,2022-07-21 00:20:09
403,Comodoro Rivadavia,AR,-45.8667,-67.5,40.86,42,0,27.63,clear sky,2022-07-21 00:20:10
404,Oussouye,SN,12.485,-16.5469,75.99,92,100,9.64,light rain,2022-07-21 00:20:10
405,Keuruu,FI,62.2667,24.7,55.8,78,88,0.98,overcast clouds,2022-07-21 00:20:11
406,Sirnak,TR,37.5228,42.4594,73.08,17,0,6.26,clear sky,2022-07-21 00:20:11
407,Bafq,IR,31.6128,55.4107,81.45,17,0,7.38,clear sky,2022-07-21 00:20:11
408,Yumbel,CL,-37.0833,-72.5667,50.92,96,100,5.17,overcast clouds,2022-07-21 00:20:12
409,Bacungan,PH,9.9106,118.7022,82.45,74,75,4.61,broken clouds,2022-07-21 00:20:12
410,Ulaangom,MN,49.9811,92.0667,63.18,40,3,0.87,clear sky,2022-07-21 00:20:13
411,Teya,RU,60.3778,92.6267,56.93,81,56,3.74,broken clouds,2022-07-21 00:20:13
412,Crisan,RO,44.9667,29.4667,69.26,63,22,7.7,few clouds,2022-07-21 00:20:13
413,Linhares,BR,-19.3911,-40.0722,66.92,96,13,2.62,few clouds,2022-07-21 00:20:14
414,Swan Hill,AU,-35.3378,143.5544,52.47,66,26,13.53,scattered clouds,2022-07-21 00:20:14
415,Bandarbeyla,SO,9.4942,50.8122,74.16,85,50,24.49,scattered clouds,2022-07-21 00:20:15
416,Bathsheba,BB,13.2167,-59.5167,81.21,95,20,14.97,few clouds,2022-07-21 00:17:11
417,Riachao,BR,-7.3619,-46.6172,74.3,36,3,3.0,clear sky,2022-07-21 00:20:15
418,Faya,SA,18.3851,42.4509,66.31,46,100,4.72,overcast clouds,2022-07-21 00:20:16
419,Van,TR,38.4924,43.3831,61.95,42,0,1.14,clear sky,2022-07-21 00:20:16
420,Brae,GB,60.3964,-1.353,53.29,90,99,15.68,overcast clouds,2022-07-21 00:20:17
421,Ariquemes,BR,-9.9133,-63.0408,75.27,45,0,1.92,clear sky,2022-07-21 00:20:17
422,Guanica,PR,17.9716,-66.908,84.13,86,32,10.6,scattered clouds,2022-07-21 00:20:17
423,Boueni,YT,-12.9025,45.0761,67.98,64,0,6.17,clear sky,2022-07-21 00:20:18
424,Tahta,EG,26.7693,31.5021,84.27,25,15,9.98,few clouds,2022-07-21 00:20:19
425,Kenora,CA,49.8167,-94.4337,81.57,44,20,15.01,few clouds,2022-07-21 00:15:29
426,Powell River,CA,49.8496,-124.5361,78.44,53,20,5.75,few clouds,2022-07-21 00:15:30
427,Atambua,ID,-9.1061,124.8925,75.54,74,96,4.54,overcast clouds,2022-07-21 00:20:19
428,Westport,US,41.1415,-73.3579,86.61,67,0,11.5,clear sky,2022-07-21 00:15:28
429,Parana,AR,-31.732,-60.5238,64.54,86,95,3.76,overcast clouds,2022-07-21 00:20:20
430,Hirara,JP,24.8,125.2833,88.07,79,40,9.22,scattered clouds,2022-07-21 00:17:51
431,Mecca,SA,21.4267,39.8261,87.76,41,69,4.79,broken clouds,2022-07-21 00:20:20
432,Gat,IL,31.61,34.7642,76.41,100,0,4.23,clear sky,2022-07-21 00:20:21
433,Nantucket,US,41.2835,-70.0995,80.71,92,0,9.22,mist,2022-07-21 00:15:49
434,Xichang,CN,27.8964,102.2634,66.87,87,97,1.9,overcast clouds,2022-07-21 00:20:21
435,Le Moule,GP,16.3332,-61.3473,78.84,100,51,17.98,broken clouds,2022-07-21 00:20:22
436,Coquimbo,CL,-29.9533,-71.3436,53.33,87,100,3.44,overcast clouds,2022-07-21 00:20:22
437,Anadyr,RU,64.75,177.4833,48.7,70,75,13.42,light intensity shower rain,2022-07-21 00:18:20
438,Port Lincoln,AU,-34.7333,135.8667,54.36,71,43,11.97,scattered clouds,2022-07-21 00:15:30
439,High Prairie,CA,55.4334,-116.4858,73.54,36,25,12.19,scattered clouds,2022-07-21 00:17:53
440,Darhan,MN,49.4867,105.9228,59.99,67,87,6.42,heavy intensity rain,2022-07-21 00:20:23
441,Ajdabiya,LY,30.7554,20.2263,73.71,58,0,8.88,clear sky,2022-07-21 00:20:23
442,Ha Tinh,VN,18.3333,105.9,79.57,88,71,1.34,light rain,2022-07-21 00:20:24
443,Arkul,RU,57.2808,50.044,51.76,92,69,2.15,broken clouds,2022-07-21 00:20:24
444,Jalu,LY,29.0331,21.5482,75.7,41,0,13.42,clear sky,2022-07-21 00:20:25
445,Acarau,BR,-2.8856,-40.12,77.02,79,68,10.49,broken clouds,2022-07-21 00:20:25
446,Vao,NC,-22.6667,167.4833,73.98,89,96,9.98,overcast clouds,2022-07-21 00:18:00
447,Preobrazheniye,RU,42.9019,133.9064,66.78,88,100,4.65,overcast clouds,2022-07-21 00:20:25
448,Boyarka,UA,50.3191,30.2973,60.15,76,8,7.58,clear sky,2022-07-21 00:20:26
449,Xuddur,SO,4.1213,43.8894,69.69,57,88,17.94,overcast clouds,2022-07-21 00:20:26
450,Bakersfield,US,35.3733,-119.0187,106.05,12,0,11.5,clear sky,2022-07-21 00:18:46
451,Marzuq,YE,14.4,46.4667,74.93,65,100,8.61,overcast clouds,2022-07-21 00:20:27
452,Adre,TD,13.4667,22.2,75.87,70,97,8.34,overcast clouds,2022-07-21 00:17:21
453,Yorosso,ML,12.3536,-4.7761,71.94,94,58,6.33,light rain,2022-07-21 00:20:27
454,Curuca,BR,-0.7289,-47.8481,74.17,93,35,4.88,scattered clouds,2022-07-21 00:20:28
455,Biltine,TD,14.5333,20.9167,80.64,53,100,4.52,overcast clouds,2022-07-21 00:17:39
456,Skoghall,SE,59.3232,13.4655,66.76,68,85,5.75,overcast clouds,2022-07-21 00:20:29
457,Lagunillas,VE,10.1301,-71.2595,81.93,75,9,5.64,clear sky,2022-07-21 00:20:29
458,Kiruna,SE,67.8557,20.2251,52.72,82,100,3.44,overcast clouds,2022-07-21 00:20:29
459,Souillac,MU,-20.5167,57.5167,68.38,73,75,13.8,broken clouds,2022-07-21 00:17:58
460,Hofn,IS,64.2539,-15.2082,51.93,72,62,6.38,broken clouds,2022-07-21 00:20:30
461,Pizarro,CO,4.9533,-77.366,77.07,91,96,7.83,moderate rain,2022-07-21 00:20:30
462,Lingao,CN,19.9103,109.6859,81.84,83,2,15.57,clear sky,2022-07-21 00:20:31
463,Brindisi,IT,40.5833,17.6667,77.77,43,0,4.97,clear sky,2022-07-21 00:20:31
464,Benjamin Constant,BR,-4.3831,-70.0311,73.38,95,86,3.04,overcast clouds,2022-07-21 00:20:32
465,Sambava,MG,-14.2667,50.1667,69.42,83,35,13.06,light rain,2022-07-21 00:20:32
466,Eberbach,DE,49.4694,8.9928,69.58,98,85,1.99,overcast clouds,2022-07-21 00:20:33
467,Halifax,CA,44.6453,-63.5724,75.69,61,75,4.61,broken clouds,2022-07-21 00:20:02
468,Mao,ES,39.8885,4.2658,75.76,94,0,5.75,clear sky,2022-07-21 00:17:45
469,Chumikan,RU,54.7183,135.315,52.74,100,100,5.75,light rain,2022-07-21 00:20:33
470,Waitati,NZ,-45.75,170.5667,45.81,65,87,8.46,overcast clouds,2022-07-21 00:20:34
471,Kolo,PL,52.2002,18.6387,67.53,64,6,8.25,clear sky,2022-07-21 00:20:34
472,Husavik,IS,66.0449,-17.3389,45.52,88,91,1.9,overcast clouds,2022-07-21 00:20:35
473,Springbok,ZA,-29.6643,17.8865,42.87,60,0,5.48,clear sky,2022-07-21 00:20:35
474,Kihei,US,20.785,-156.4656,87.82,42,20,19.57,few clouds,2022-07-21 00:18:26
475,Sidrolandia,BR,-20.9319,-54.9614,71.51,34,26,4.7,scattered clouds,2022-07-21 00:20:36
476,Namwala,ZM,-15.7504,26.4384,60.39,73,68,3.91,broken clouds,2022-07-21 00:20:36
477,Charlestown,AU,-32.95,151.6667,63.86,79,95,5.99,overcast clouds,2022-07-21 00:20:36
478,Altus,US,34.6381,-99.334,101.71,22,0,5.75,clear sky,2022-07-21 00:20:37
479,Ostrovnoy,RU,68.0531,39.5131,46.81,97,12,4.63,few clouds,2022-07-21 00:17:16
480,San Patricio,US,28.017,-97.5169,91.18,59,32,19.22,scattered clouds,2022-07-21 00:17:21
481,Fortuna,US,40.5982,-124.1573,68.94,72,32,3.0,scattered clouds,2022-07-21 00:18:13
482,Montlucon,FR,46.3333,2.6,60.71,89,0,4.56,clear sky,2022-07-21 00:20:38
483,Limoges,FR,45.75,1.3333,61.36,88,0,3.44,clear sky,2022-07-21 00:20:38
484,Mweka,CD,-4.85,21.5667,70.5,56,42,0.74,scattered clouds,2022-07-21 00:16:07
485,Portland,US,45.5234,-122.6762,94.69,35,20,11.5,few clouds,2022-07-21 00:16:59
486,Morecambe,GB,54.0684,-2.8611,61.81,98,77,1.99,broken clouds,2022-07-21 00:20:39
487,North Platte,US,41.1239,-100.7654,99.12,24,0,3.44,clear sky,2022-07-21 00:18:05
488,Bhanvad,IN,21.9264,69.7736,79.0,89,97,11.03,overcast clouds,2022-07-21 00:20:39
489,Sierpc,PL,52.8568,19.6691,67.95,83,1,7.67,clear sky,2022-07-21 00:20:39
490,Pacific Grove,US,36.6177,-121.9166,79.25,82,40,11.5,scattered clouds,2022-07-21 00:20:40
491,Cariati,IT,39.4922,16.9594,76.8,46,0,4.0,clear sky,2022-07-21 00:20:40
492,Ixtapa,MX,20.7,-105.2,90.63,66,75,8.05,broken clouds,2022-07-21 00:20:41
493,Batagay-Alyta,RU,67.8006,130.4114,43.99,74,100,2.37,overcast clouds,2022-07-21 00:20:41
494,Kishtwar,IN,33.3167,75.7667,67.59,93,97,0.83,light rain,2022-07-21 00:20:42
495,Srivardhan,IN,18.0333,73.0167,78.89,87,96,10.87,overcast clouds,2022-07-21 00:20:42
496,Ostroda,PL,53.6967,19.9649,62.11,80,3,6.13,clear sky,2022-07-21 00:20:42
497,Pangnirtung,CA,66.1451,-65.7125,45.75,87,100,0.43,overcast clouds,2022-07-21 00:20:43
498,Bougouni,ML,11.417,-7.479,71.28,97,100,6.6,light rain,2022-07-21 00:20:43
499,Belogorsk,RU,50.9158,128.4611,69.66,66,29,8.08,scattered clouds,2022-07-21 00:20:44
500,Coruripe,BR,-10.1256,-36.1756,73.85,88,55,12.15,broken clouds,2022-07-21 00:16:06
501,Shellbrook,CA,53.2168,-106.4011,74.43,54,51,16.06,broken clouds,2022-07-21 00:20:44
502,Touros,BR,-5.1989,-35.4608,73.9,89,89,9.8,light rain,2022-07-21 00:20:45
503,Conceicao Do Araguaia,BR,-8.2578,-49.2647,75.54,41,1,3.24,clear sky,2022-07-21 00:20:45
504,Leningradskiy,RU,69.3833,178.4167,33.3,99,100,20.78,snow,2022-07-21 00:20:45
505,Rocha,UY,-34.4833,-54.3333,57.67,90,24,9.1,few clouds,2022-07-21 00:20:46
506,Bergen,NO,60.392,5.328,61.07,95,75,5.75,broken clouds,2022-07-21 00:20:46
507,Khanpur,PK,28.6453,70.6567,87.85,67,18,17.29,few clouds,2022-07-21 00:20:46
508,Goure,NE,13.9835,10.2704,78.15,61,99,5.03,overcast clouds,2022-07-21 00:20:47
509,Port Hedland,AU,-20.3167,118.5667,64.45,55,2,6.91,clear sky,2022-07-21 00:20:47
510,Ndele,CF,8.4109,20.6473,68.22,97,54,3.18,broken clouds,2022-07-21 00:20:48
511,Brokopondo,SR,4.75,-55.1667,77.2,86,66,9.08,broken clouds,2022-07-21 00:20:48
512,Balakovo,RU,52.0278,47.8007,59.04,76,27,4.27,scattered clouds,2022-07-21 00:20:48
513,Cradock,ZA,-32.1642,25.6192,47.53,89,43,1.5,scattered clouds,2022-07-21 00:20:49
514,Auburn,US,47.3073,-122.2284,90.18,45,20,6.91,few clouds,2022-07-21 00:19:45
515,Puttur,IN,12.7667,75.2167,75.31,96,94,0.29,overcast clouds,2022-07-21 00:20:49
516,Dinar,TR,38.065,30.1656,64.36,65,0,7.14,clear sky,2022-07-21 00:20:50
517,Kavieng,PG,-2.5744,150.7967,82.85,76,79,11.77,light rain,2022-07-21 00:18:26
518,Batsfjord,NO,70.6345,29.7185,56.98,88,75,10.36,broken clouds,2022-07-21 00:20:50
519,Waddan,LY,29.1614,16.139,76.57,60,0,7.78,clear sky,2022-07-21 00:20:51
520,Eureka,US,40.8021,-124.1637,69.21,77,58,5.99,broken clouds,2022-07-21 00:20:51
521,Sao Felix Do Xingu,BR,-6.6447,-51.995,81.27,45,68,0.85,broken clouds,2022-07-21 00:20:44
522,San Buenaventura,MX,27.0833,-101.5333,106.72,18,40,9.22,scattered clouds,2022-07-21 00:20:52
523,Berlevag,NO,70.8578,29.0864,57.0,100,75,0.0,broken clouds,2022-07-21 00:20:52
524,Kuytun,RU,54.3419,101.5036,59.31,76,25,3.4,scattered clouds,2022-07-21 00:20:52
525,Ierapetra,GR,35.01,25.7353,78.15,50,0,10.0,clear sky,2022-07-21 00:20:53
526,Puerto Quijarro,BO,-17.7833,-57.7667,73.45,35,5,1.7,clear sky,2022-07-21 00:20:53
527,Manuk Mangkaw,PH,4.8,119.85,82.69,73,43,3.56,scattered clouds,2022-07-21 00:20:54
528,Lethem,GY,3.3803,-59.7968,76.05,86,93,4.85,overcast clouds,2022-07-21 00:20:54
529,Huarmey,PE,-10.0681,-78.1522,63.16,82,10,10.22,clear sky,2022-07-21 00:20:55
530,Comonfort,MX,20.7167,-100.7667,79.21,27,96,8.48,moderate rain,2022-07-21 00:20:55
531,Axim,GH,4.8699,-2.2405,73.13,76,41,8.86,scattered clouds,2022-07-21 00:16:25
532,Fare,PF,-16.7,-151.0167,77.63,73,1,12.68,clear sky,2022-07-21 00:20:56
533,General Pico,AR,-35.6566,-63.7568,53.38,52,9,7.0,clear sky,2022-07-21 00:18:45
534,Shatrovo,RU,56.5167,64.6333,54.36,92,1,8.14,clear sky,2022-07-21 00:20:56
535,Ancud,CL,-41.8697,-73.8203,40.23,67,49,9.73,scattered clouds,2022-07-21 00:15:59
536,Bubaque,GW,11.2833,-15.8333,76.89,91,100,15.35,moderate rain,2022-07-21 00:20:57
537,Nioro,GM,13.35,-15.75,75.18,91,99,7.0,light rain,2022-07-21 00:20:58
538,Sinegorye,RU,62.0788,150.477,52.12,88,100,6.49,light rain,2022-07-21 00:20:58
539,Visavadar,IN,21.3833,70.6833,77.16,92,97,9.6,overcast clouds,2022-07-21 00:20:58
540,Atbasar,KZ,51.8,68.3333,63.23,79,50,6.11,scattered clouds,2022-07-21 00:20:59
541,Loiza,PR,18.4313,-65.8802,84.2,89,40,13.8,scattered clouds,2022-07-21 00:20:59
542,Merauke,ID,-8.4667,140.3333,79.56,80,78,12.37,broken clouds,2022-07-21 00:20:59
543,Los Llanos De Aridane,ES,28.6585,-17.9182,67.75,88,20,17.27,few clouds,2022-07-21 00:21:00
544,Olga,RU,43.7444,135.2892,67.14,81,85,2.57,overcast clouds,2022-07-21 00:21:00
545,San Juan,AR,-31.5375,-68.5364,57.7,26,0,4.97,clear sky,2022-07-21 00:19:10
546,Dwarka,IN,22.2394,68.9678,81.63,84,99,19.06,overcast clouds,2022-07-21 00:21:01
547,Virginia Beach,US,36.8529,-75.978,91.0,67,40,11.5,scattered clouds,2022-07-21 00:21:01
548,Daru,PG,-9.0763,143.2092,78.49,88,79,9.13,broken clouds,2022-07-21 00:21:02
549,Natal,BR,-5.795,-35.2094,75.42,94,75,9.22,broken clouds,2022-07-21 00:21:02
550,Miyako,JP,39.6367,141.9525,76.66,75,85,3.29,overcast clouds,2022-07-21 00:21:03
551,Marathon,US,44.9,-89.7668,78.33,72,75,14.97,broken clouds,2022-07-21 00:19:38
552,Tocache,PE,-8.1842,-76.5125,73.18,80,29,1.61,scattered clouds,2022-07-21 00:21:03
553,Quelimane,MZ,-17.8786,36.8883,69.75,88,20,2.3,few clouds,2022-07-21 00:21:04
554,Valparaiso,CL,-33.0393,-71.6273,51.48,87,0,3.44,clear sky,2022-07-21 00:21:04
555,Harper,LR,4.375,-7.7169,75.02,70,98,8.72,overcast clouds,2022-07-21 00:21:04
556,Azle,US,32.8951,-97.5459,105.53,33,75,17.27,broken clouds,2022-07-21 00:21:05
557,Lerwick,GB,60.1545,-1.1494,53.6,92,91,15.03,overcast clouds,2022-07-21 00:21:05
558,Barra Do Garcas,BR,-15.89,-52.2567,71.91,37,13,0.65,few clouds,2022-07-21 00:16:07
559,Boddam,GB,57.4667,-1.7833,59.38,75,65,11.92,broken clouds,2022-07-21 00:21:06
560,Nagato,JP,34.3833,131.2,81.21,89,100,8.61,overcast clouds,2022-07-21 00:21:07
561,Salalah,OM,17.0151,54.0924,75.29,100,100,5.75,drizzle,2022-07-21 00:21:07
562,Tefe,BR,-3.3542,-64.7114,74.26,96,84,3.53,broken clouds,2022-07-21 00:21:07
563,Ruwi,OM,23.5996,58.5507,85.69,71,87,5.08,overcast clouds,2022-07-21 00:21:08
564,Novi Sanzhary,UA,49.3439,34.3108,52.43,94,17,8.9,few clouds,2022-07-21 00:21:08
565,Fayaoue,NC,-20.65,166.5333,77.29,87,100,14.88,overcast clouds,2022-07-21 00:21:08
566,Iwanai,JP,42.9744,140.5089,72.21,73,55,4.25,broken clouds,2022-07-21 00:21:09
567,Camacha,PT,33.0833,-16.3333,67.42,78,75,10.36,broken clouds,2022-07-21 00:21:09
568,Taoudenni,ML,22.6783,-3.9836,93.67,31,52,1.7,broken clouds,2022-07-21 00:21:10
569,Namibe,AO,-15.1961,12.1522,61.81,82,1,7.16,clear sky,2022-07-21 00:21:10
570,Lexington,US,37.9887,-84.4777,89.6,67,0,10.36,clear sky,2022-07-21 00:20:46
571,Mayo,US,38.8876,-76.5119,89.71,78,0,12.66,clear sky,2022-07-21 00:17:07
572,Urengoy,RU,65.9667,78.3667,51.53,75,100,8.61,overcast clouds,2022-07-21 00:21:11
573,Swakopmund,NA,-22.6833,14.5333,51.98,86,0,6.51,clear sky,2022-07-21 00:21:11
574,Totma,RU,59.9747,42.7642,53.42,98,100,4.43,overcast clouds,2022-07-21 00:21:11
575,Loukhi,RU,66.0764,33.0381,56.5,94,81,2.35,broken clouds,2022-07-21 00:21:12
576,Kawalu,ID,-7.3817,108.2082,71.46,95,82,2.01,broken clouds,2022-07-21 00:21:12
577,Nhulunbuy,AU,-12.2333,136.7667,79.41,57,0,14.97,clear sky,2022-07-21 00:21:13
578,Dayong,CN,25.0209,118.2898,85.78,77,44,1.92,scattered clouds,2022-07-21 00:21:13
579,Hede,CN,33.7681,120.2517,77.22,82,84,5.3,broken clouds,2022-07-21 00:21:13
580,Rio Gallegos,AR,-51.6226,-69.2181,30.25,74,0,16.11,clear sky,2022-07-21 00:21:14
581,Qasigiannguit,GL,68.8193,-51.1922,59.25,71,100,7.11,overcast clouds,2022-07-21 00:21:14
582,Makaha,US,21.4694,-158.2175,84.11,65,8,15.64,clear sky,2022-07-21 00:21:15
583,Altamira,BR,-3.2033,-52.2064,80.08,70,97,2.93,overcast clouds,2022-07-21 00:21:15
584,San Jose,US,37.3394,-121.895,93.69,40,20,11.5,smoke,2022-07-21 00:20:59
585,Maraa,BR,-1.8333,-65.3667,73.65,97,68,1.41,broken clouds,2022-07-21 00:21:16
586,Nouadhibou,MR,20.931,-17.0347,67.87,95,18,14.27,few clouds,2022-07-21 00:21:16
587,Boyolangu,ID,-8.1181,111.8935,74.1,89,85,6.38,overcast clouds,2022-07-21 00:21:17
588,Voyvozh,RU,62.892,54.9635,54.01,96,41,2.71,scattered clouds,2022-07-21 00:21:17
589,Seydi,TM,39.4816,62.9137,85.51,16,0,13.98,clear sky,2022-07-21 00:21:17
590,Donskoye,RU,45.4552,41.9741,68.13,94,5,7.63,clear sky,2022-07-21 00:21:18
591,Itaituba,BR,-4.2761,-55.9836,80.17,66,100,1.32,overcast clouds,2022-07-21 00:21:18
592,Tura,IN,25.5198,90.2201,74.26,97,100,4.43,overcast clouds,2022-07-21 00:21:19
593,Estelle,US,29.8458,-90.1067,91.99,88,75,10.36,thunderstorm,2022-07-21 00:21:11
594,Sungairaya,ID,0.7,108.9,79.16,87,55,2.71,broken clouds,2022-07-21 00:21:19
595,Negru Voda,RO,43.8167,28.2,70.32,48,0,9.62,clear sky,2022-07-21 00:21:20
596,Saiha,IN,22.4833,92.9667,71.33,97,99,2.37,light rain,2022-07-21 00:21:20
597,Paragominas,BR,-2.9667,-47.4833,75.11,67,95,3.71,overcast clouds,2022-07-21 00:21:21
598,Suntar,RU,62.1444,117.6319,57.34,91,100,4.07,overcast clouds,2022-07-21 00:21:21
599,Tongliao,CN,43.6125,122.2653,70.29,89,100,1.52,overcast clouds,2022-07-21 00:21:22
600,Pabna,BD,24.0,89.25,80.46,88,100,6.33,overcast clouds,2022-07-21 00:21:22
601,Galesong,ID,-5.3166,119.3661,77.02,80,29,5.59,scattered clouds,2022-07-21 00:21:23
602,Tottori,JP,35.5,134.2333,80.67,69,75,1.14,moderate rain,2022-07-21 00:19:40
603,Kaduna,NG,10.5222,7.4383,69.08,97,100,3.98,light rain,2022-07-21 00:21:23
604,Wukari,NG,7.85,9.7833,72.45,92,100,2.46,overcast clouds,2022-07-21 00:21:23
605,Vidalia,US,32.2177,-82.4135,78.91,78,0,9.22,clear sky,2022-07-21 00:21:24
606,Manavalakurichi,IN,8.1333,77.3,77.32,86,59,17.45,broken clouds,2022-07-21 00:21:24
607,San Francisco,US,37.7749,-122.4194,90.39,77,20,25.32,few clouds,2022-07-21 00:18:02
608,Vaitape,PF,-16.5167,-151.75,78.01,67,2,10.71,clear sky,2022-07-21 00:21:25
609,Daltenganj,IN,24.0333,84.0667,79.34,86,100,3.02,overcast clouds,2022-07-21 00:21:25
610,Muhos,FI,64.808,25.9931,53.38,91,66,1.39,broken clouds,2022-07-21 00:21:26
611,San Carlos Del Zulia,VE,9.0,-71.9135,81.97,72,24,5.28,few clouds,2022-07-21 00:21:26
612,Mayumba,GA,-3.432,10.6554,69.62,95,86,6.38,overcast clouds,2022-07-21 00:21:27
613,Riyadh,SA,24.6877,46.7219,89.74,11,54,7.38,broken clouds,2022-07-21 00:20:05
614,Moerai,PF,-22.4333,-151.3333,71.28,72,98,34.96,overcast clouds,2022-07-21 00:21:27
615,Ulvik,NO,60.5672,6.9187,67.37,94,100,3.36,overcast clouds,2022-07-21 00:21:28
616,Teahupoo,PF,-17.8333,-149.2667,76.96,74,18,10.76,few clouds,2022-07-21 00:21:28
617,Ambilobe,MG,-13.2,49.05,68.68,67,9,8.41,clear sky,2022-07-21 00:21:29
618,Rio Tuba,PH,8.5061,117.4317,81.5,76,89,3.6,overcast clouds,2022-07-21 00:21:29
619,Hualmay,PE,-11.0964,-77.6139,62.28,81,39,10.38,scattered clouds,2022-07-21 00:21:30
620,Chapais,CA,49.7834,-74.8492,69.58,69,85,5.5,overcast clouds,2022-07-21 00:17:17
621,Pokhara,NP,28.2333,83.9833,71.26,94,100,1.52,light rain,2022-07-21 00:21:30
622,Formosa,AR,-26.1775,-58.1781,75.18,78,0,8.05,clear sky,2022-07-21 00:21:31
623,Pancas,BR,-19.225,-40.8514,66.27,93,4,3.4,clear sky,2022-07-21 00:21:31
624,Korla,CN,41.7597,86.1469,67.21,48,0,1.57,clear sky,2022-07-21 00:18:04
625,Nakhon Pathom,TH,13.9833,100.0833,76.28,95,100,8.19,moderate rain,2022-07-21 00:21:32
626,Teguldet,RU,57.3064,88.1667,55.31,97,95,3.44,overcast clouds,2022-07-21 00:21:32
627,Yaan,NG,7.3833,8.5667,72.9,91,99,4.99,light rain,2022-07-21 00:21:33
628,Ngunguru,NZ,-35.6167,174.5,55.53,75,34,15.14,scattered clouds,2022-07-21 00:21:33
629,Tikhvin,RU,59.6451,33.5294,61.21,92,19,8.77,few clouds,2022-07-21 00:21:34
630,Siva,EG,29.2041,25.5195,81.81,41,0,10.18,clear sky,2022-07-21 00:21:34
631,Tabou,CI,4.423,-7.3528,74.88,70,99,8.34,overcast clouds,2022-07-21 00:21:34
632,Pontianak,ID,-0.0333,109.3333,78.78,94,40,0.0,mist,2022-07-21 00:21:35
633,Kushiro,JP,42.975,144.3747,67.15,77,40,3.44,scattered clouds,2022-07-21 00:21:35
634,Aurora,US,39.7294,-104.8319,81.16,51,100,8.05,thunderstorm,2022-07-21 00:20:14
635,Lebyazhye,RU,55.2689,66.4947,55.58,92,9,8.63,clear sky,2022-07-21 00:21:36
636,Bam,IR,29.106,58.357,88.72,11,2,5.61,clear sky,2022-07-21 00:21:36
637,Wanning,CN,18.8003,110.3967,82.38,86,16,12.59,few clouds,2022-07-21 00:21:37
638,Umea,SE,63.8284,20.2597,55.9,100,0,3.44,clear sky,2022-07-21 00:18:58
639,Abu Samrah,SY,35.3029,37.1841,74.86,63,0,16.04,clear sky,2022-07-21 00:21:37
640,Semnan,IR,35.5729,53.3971,79.95,28,0,7.63,clear sky,2022-07-21 00:21:38
641,Sainte-Marie,RE,-20.8968,55.5496,68.16,78,75,16.11,broken clouds,2022-07-21 00:21:38
642,Kudahuvadhoo,MV,2.6708,72.8944,81.46,71,100,15.88,light rain,2022-07-21 00:19:24
643,Plettenberg Bay,ZA,-34.0527,23.3716,52.11,87,19,6.24,few clouds,2022-07-21 00:21:39
644,Rincon,US,32.296,-81.2354,76.96,83,75,11.5,broken clouds,2022-07-21 00:21:39
645,Macklin,CA,52.3334,-109.9348,73.74,52,9,14.09,clear sky,2022-07-21 00:21:39
646,Lalmohan,BD,22.3384,90.7419,82.71,81,78,9.6,broken clouds,2022-07-21 00:21:40
647,Moranbah,AU,-22.0016,148.0466,64.04,78,43,14.92,scattered clouds,2022-07-21 00:21:40
648,Bairiki,KI,1.3292,172.9752,81.28,79,16,11.92,few clouds,2022-07-21 00:21:40
649,Shelabolikha,RU,53.4131,82.6167,59.47,80,100,7.4,light rain,2022-07-21 00:21:41
650,Ketchikan,US,55.3422,-131.6461,57.67,72,100,8.05,overcast clouds,2022-07-21 00:18:14
651,Gainesville,US,29.6516,-82.3248,76.69,95,20,3.44,few clouds,2022-07-21 00:17:35
652,Guarapari,BR,-20.6667,-40.4975,70.9,90,6,3.29,clear sky,2022-07-21 00:21:41
653,Pangody,RU,65.85,74.4859,52.02,67,73,10.54,broken clouds,2022-07-21 00:21:42
654,Neuquen,AR,-38.9516,-68.0591,60.69,41,0,13.8,clear sky,2022-07-21 00:21:42
655,Yicheng,CN,31.3705,119.8703,79.54,86,98,6.87,overcast clouds,2022-07-21 00:21:43
656,Sain Alto,MX,23.5833,-103.25,85.59,21,62,13.85,broken clouds,2022-07-21 00:21:43
657,Mana,GF,5.6592,-53.7767,77.47,86,10,7.11,clear sky,2022-07-21 00:21:43
658,Taltal,CL,-25.4,-70.4833,58.69,83,100,3.27,overcast clouds,2022-07-21 00:20:20
659,Camabatela,AO,-8.1881,15.375,58.71,77,9,1.92,clear sky,2022-07-21 00:21:44
660,Mikuni,JP,36.2171,136.1519,78.71,74,95,0.29,overcast clouds,2022-07-21 00:21:44
661,Estevan,CA,49.1334,-102.9842,73.74,56,0,13.8,clear sky,2022-07-21 00:21:45
662,Pinawa,CA,50.1489,-95.8811,73.53,61,3,12.37,clear sky,2022-07-21 00:21:45
663,Sanchez,DO,19.2281,-69.6137,78.58,89,20,9.22,few clouds,2022-07-21 00:21:45
664,Sangar,RU,63.9242,127.4739,61.83,94,100,5.08,light rain,2022-07-21 00:21:46
665,Nelson,NZ,-41.2833,173.2833,51.3,89,100,3.0,overcast clouds,2022-07-21 00:21:46
666,Sobolevo,RU,54.4299,31.8996,58.28,63,92,15.14,overcast clouds,2022-07-21 00:21:47
667,La Ronge,CA,55.1001,-105.2842,64.65,63,75,11.5,broken clouds,2022-07-21 00:21:47
668,Rawson,AR,-43.3002,-65.1023,44.65,39,67,27.78,broken clouds,2022-07-21 00:21:48
669,Arlit,NE,18.7369,7.3853,91.08,30,35,7.29,scattered clouds,2022-07-21 00:21:48
670,Ust-Kuyga,RU,70.0167,135.6,55.38,52,4,10.25,clear sky,2022-07-21 00:21:49
671,Shahr-E Kord,IR,32.3256,50.8644,68.18,23,0,2.51,clear sky,2022-07-21 00:21:49
672,Oranjemund,NA,-28.55,16.4333,51.78,81,21,14.97,few clouds,2022-07-21 00:21:49
673,Razole,IN,16.4833,81.8333,80.06,85,81,4.14,broken clouds,2022-07-21 00:21:50
674,Khovu-Aksy,RU,51.1333,93.6,54.79,56,1,1.28,clear sky,2022-07-21 00:21:50
675,Half Moon Bay,US,37.4636,-122.4286,87.55,74,100,25.32,mist,2022-07-21 00:21:51
676,Guane,CU,22.2025,-84.0875,82.45,75,35,6.62,scattered clouds,2022-07-21 00:21:51
677,Grande Prairie,CA,55.1667,-118.8027,75.38,33,75,10.36,broken clouds,2022-07-21 00:21:52
678,Emba,KZ,48.8264,58.1442,69.87,45,83,5.3,broken clouds,2022-07-21 00:21:52
679,Fairview,US,40.8126,-73.999,92.55,54,0,12.66,clear sky,2022-07-21 00:21:53
680,Svetlogorsk,BY,52.6333,29.7333,54.82,75,8,9.42,clear sky,2022-07-21 00:21:53
681,Alekseyevsk,RU,57.8406,108.3492,60.49,83,80,4.07,broken clouds,2022-07-21 00:21:53
682,Richards Bay,ZA,-28.783,32.0377,62.15,89,20,6.17,few clouds,2022-07-21 00:21:54
683,Horadiz,AZ,39.4488,47.3353,72.37,58,0,5.35,clear sky,2022-07-21 00:21:54
684,Maputo,MZ,-25.9653,32.5892,67.68,88,75,8.05,broken clouds,2022-07-21 00:21:55
685,Kalach-Na-Donu,RU,48.691,43.5264,67.51,54,69,8.72,broken clouds,2022-07-21 00:21:55
686,Xianshuigu,CN,38.985,117.3828,77.0,78,1,0.0,mist,2022-07-21 00:21:55
687,Mandalgovi,MN,45.7625,106.2708,63.16,60,80,12.8,broken clouds,2022-07-21 00:19:09
688,Muscat,OM,23.6139,58.5922,86.02,72,88,5.14,overcast clouds,2022-07-21 00:21:56
689,Yining,CN,29.0361,114.5636,84.15,78,100,2.33,overcast clouds,2022-07-21 00:21:56
690,Ikalamavony,MG,-21.15,46.5833,56.61,78,29,5.82,scattered clouds,2022-07-21 00:21:57
691,Umm Kaddadah,SD,13.6017,26.6876,82.47,55,60,12.46,broken clouds,2022-07-21 00:21:57
692,Lincoln,US,40.8,-96.667,92.01,41,0,6.91,clear sky,2022-07-21 00:17:02
693,Hervey Bay,AU,-25.2986,152.8535,62.02,88,100,3.0,light rain,2022-07-21 00:21:58
694,Beoumi,CI,7.6736,-5.5764,73.09,79,89,7.27,overcast clouds,2022-07-21 00:21:58
695,Svodna,BA,45.0372,16.5383,63.23,61,0,1.99,clear sky,2022-07-21 00:21:58
696,Raudeberg,NO,61.9875,5.1352,52.95,92,100,6.38,overcast clouds,2022-07-21 00:21:59
697,Bilgoraj,PL,50.5411,22.722,65.37,89,10,5.06,clear sky,2022-07-21 00:21:59
698,Amarante Do Maranhao,BR,-5.5667,-46.7422,75.47,47,77,2.24,broken clouds,2022-07-21 00:22:00
699,Setermoen,NO,68.861,18.3486,61.43,89,80,5.53,broken clouds,2022-07-21 00:22:00
700,Mali,GN,12.079,-12.2982,59.0,97,100,4.38,light rain,2022-07-21 00:22:01
701,Rorvik,NO,64.8621,11.2373,54.32,96,100,1.57,light rain,2022-07-21 00:22:01
702,Agirish,RU,61.9247,63.0231,54.32,84,65,7.2,broken clouds,2022-07-21 00:22:01
703,Severo-Yeniseyskiy,RU,60.3725,93.0408,54.43,78,69,3.83,broken clouds,2022-07-21 00:22:02
704,Huadian,CN,42.9633,126.7478,67.12,98,100,1.9,overcast clouds,2022-07-21 00:22:02
705,Liku,ID,-0.7275,119.8922,80.76,73,13,2.98,few clouds,2022-07-21 00:22:03
706,Buraydah,SA,26.326,43.975,84.65,12,15,6.53,few clouds,2022-07-21 00:22:03
707,Fort Nelson,CA,58.8053,-122.7002,74.79,35,75,5.75,broken clouds,2022-07-21 00:22:03
708,Kaseda,JP,31.4167,130.3167,82.67,90,100,13.49,overcast clouds,2022-07-21 00:22:04
709,Filingue,NE,14.3521,3.3168,86.88,53,59,13.49,broken clouds,2022-07-21 00:22:04
710,Sakmara,RU,51.9844,55.3338,51.82,71,4,4.18,clear sky,2022-07-21 00:22:05
711,Fenoarivo,MG,-18.933,47.4354,51.87,100,75,11.5,broken clouds,2022-07-21 00:22:05
712,Vadakku Valliyur,IN,8.3833,77.65,77.94,79,50,5.44,scattered clouds,2022-07-21 00:22:06
713,Tabas,IR,33.5959,56.9244,86.11,17,0,4.79,clear sky,2022-07-21 00:22:06
714,Sindhnur,IN,15.7833,76.7667,77.05,74,58,10.4,broken clouds,2022-07-21 00:22:07
715,Bacolod,PH,10.6667,122.95,82.24,79,75,0.65,broken clouds,2022-07-21 00:22:07
716,Tibiao,PH,11.2915,122.0354,83.1,75,84,1.57,heavy intensity rain,2022-07-21 00:22:07
717,Luderitz,NA,-26.6481,15.1594,56.17,60,10,14.32,clear sky,2022-07-21 00:22:08
718,Saint-Augustin,CA,51.226,-58.6502,56.21,88,100,15.05,overcast clouds,2022-07-21 00:22:08
719,Venado Tuerto,AR,-33.7456,-61.9688,53.76,67,0,6.71,clear sky,2022-07-21 00:22:09
720,Savonlinna,FI,61.8699,28.88,62.65,72,0,8.05,clear sky,2022-07-21 00:22:09
721,Concarneau,FR,47.875,-3.9225,61.59,85,62,8.16,broken clouds,2022-07-21 00:22:10
722,Semirom,IR,31.4167,51.5667,63.34,24,0,3.29,clear sky,2022-07-21 00:22:10
723,Sept-Iles,CA,50.2001,-66.3821,75.72,51,20,8.05,few clouds,2022-07-21 00:22:11
